{
"ambient.cave": {
    "sounds": [
      "ambient/cave/cave1",
      "ambient/cave/cave2",
      "ambient/cave/cave3",
      "ambient/cave/cave4",
      "ambient/cave/cave5",
      "ambient/cave/cave6",
      "ambient/cave/cave7",
      "ambient/cave/cave8",
      "ambient/cave/cave9",
      "ambient/cave/cave10",
      "ambient/cave/cave11",
      "ambient/cave/cave12",
      "ambient/cave/cave13",
      "ambient/cave/cave14",
      "ambient/cave/cave15",
      "ambient/cave/cave16",
      "ambient/cave/cave17",
      "ambient/cave/cave18",
      "ambient/cave/cave19",
      "ambient/cave/cave20",
      "ambient/cave/cave21",
      "ambient/cave/cave22",
      "ambient/cave/cave23",
      "ambient/cave/cave24",
      "ambient/cave/cave25",
      "ambient/cave/cave26",
      "ambient/cave/cave27",
      "ambient/cave/cave28",
      "ambient/cave/cave29",
      "ambient/cave/cave30",
      "ambient/cave/cave31",
      "ambient/cave/cave32",
      "ambient/cave/cave33",
      "ambient/cave/cave34",
      "ambient/cave/cave35",
      "ambient/cave/cave36",
      "ambient/cave/cave37",
      "ambient/cave/cave38",
      "ambient/cave/cave39",
      "ambient/cave/cave40",
      "ambient/cave/cave41",
      "ambient/cave/cave42"
    ],
    "subtitle": "subtitles.ambient.cave"
  },
  "ambient.weather.rain": {
    "category": "weather",
    "sounds": [
      "ambient/weather/rain1",
      "ambient/weather/rain2",
      "ambient/weather/rain3",
    ]
  },
  "ambient.weather.thunder": {
    "category": "weather",
    "sounds": [
      "ambient/weather/thunder1",
      "ambient/weather/thunder2",
      "ambient/weather/thunder3",
    "ambient/weather/thunder4"
    ]
  }
}