{
    "parent": "minecraft:item/handheld",
    "textures": {
        "layer0": "minecraft:item/clay_ball"
    },
    "overrides": [
        {
            "predicate": {
                "custom_model_data": 30000
            },
            "model": "prsmp:final/hypnosis"
        },
        {
            "predicate": {
                "custom_model_data": 30001
            },
            "model": "prsmp:final/iceshock"
        },
	{
            "predicate": {
                "custom_model_data": 30002
            },
            "model": "prsmp:final/red_orb"
        },
	{
            "predicate": {
                "custom_model_data": 30003
            },
            "model": "prsmp:final/rude_buster"
        },
	{
            "predicate": {
                "custom_model_data": 30004
            },
            "model": "prsmp:final/xslash"
        }
    ]
}