{
  "disableVanillaPortals": {
    "desc:": "Disables vanilla portals, default:false",
    "disableVanillaPortals": false
  },
  "teleportCooldown": {
    "desc:": "Sets a delay before you can teleport again, default:15 seconds",
    "teleportCooldown": 15
  },
  "instantTeleport": {
    "desc:": "Instantly teleports instead of notifying the user over time,(Note this causes some lag, due to loading chunks directly) default:false",
    "instantTeleport": false
  },
  "teleportedRidden": {
    "desc:": "Teleport ridden entities too, default:true",
    "teleportedRidden": true
  },
  "teleportLeashed": {
    "desc:": "Teleport leashed entities too, default:true",
    "teleportLeashed": true
  },
  "debuglogging": {
    "desc:": "Enable debug logging, default:false",
    "debuglogging": false
  },
  "dimensionconnections": [
    {
      "from": "pastel:deeper_down",
      "to": "minecraft:overworld",
      "teleporttype": {
        "teleporttype": "CAVE",
        "teleport_to_y": -50
      },
      "abovey": -70
    }
  ]
}