{
  "layers": {
    "aether:aether_portal_overlay": {
      "displacement": {
        "x": 0,
        "y": 0
      },
      "direction": {
        "x": "NONE",
        "y": "NONE"
      },
      "sync": "aether:aether_portal_overlay"
    },
    "aether:hammer_cooldown": {
      "displacement": {
        "x": 0,
        "y": 0
      },
      "direction": {
        "x": "NONE",
        "y": "NONE"
      },
      "sync": "aether:hammer_cooldown"
    },
    "aether:inebriation_vignette": {
      "displacement": {
        "x": 0,
        "y": 0
      },
      "direction": {
        "x": "NONE",
        "y": "NONE"
      },
      "sync": "aether:inebriation_vignette"
    },
    "aether:moa_jumps": {
      "displacement": {
        "x": 0,
        "y": 0
      },
      "direction": {
        "x": "NONE",
        "y": "NONE"
      },
      "sync": "aether:moa_jumps"
    },
    "aether:remedy_vignette": {
      "displacement": {
        "x": 0,
        "y": 0
      },
      "direction": {
        "x": "NONE",
        "y": "NONE"
      },
      "sync": "aether:remedy_vignette"
    },
    "aether:shield_of_repulsion_vignette": {
      "displacement": {
        "x": 0,
        "y": 0
      },
      "direction": {
        "x": "NONE",
        "y": "NONE"
      },
      "sync": "aether:shield_of_repulsion_vignette"
    },
    "aether:silver_life_shard_hearts": {
      "displacement": {
        "x": 0,
        "y": 0
      },
      "direction": {
        "x": "NONE",
        "y": "NONE"
      },
      "sync": "aether:silver_life_shard_hearts"
    },
    "appleskin:exhaustion_level": {
      "displacement": {
        "x": 0,
        "y": 2
      },
      "direction": {
        "x": "NONE",
        "y": "UP"
      },
      "sync": "appleskin:exhaustion_level"
    },
    "appleskin:food_offset": {
      "displacement": {
        "x": 0,
        "y": 2
      },
      "direction": {
        "x": "NONE",
        "y": "UP"
      },
      "sync": "appleskin:food_offset"
    },
    "appleskin:health_offset": {
      "displacement": {
        "x": 0,
        "y": 2
      },
      "direction": {
        "x": "NONE",
        "y": "UP"
      },
      "sync": "appleskin:health_offset"
    },
    "appleskin:health_restored": {
      "displacement": {
        "x": 0,
        "y": 2
      },
      "direction": {
        "x": "NONE",
        "y": "UP"
      },
      "sync": "appleskin:health_restored"
    },
    "appleskin:hunger_restored": {
      "displacement": {
        "x": 0,
        "y": 2
      },
      "direction": {
        "x": "NONE",
        "y": "UP"
      },
      "sync": "appleskin:hunger_restored"
    },
    "appleskin:saturation_level": {
      "displacement": {
        "x": 0,
        "y": 2
      },
      "direction": {
        "x": "NONE",
        "y": "UP"
      },
      "sync": "appleskin:saturation_level"
    },
    "artifacts:artifact_cooldowns": {
      "displacement": {
        "x": 0,
        "y": 0
      },
      "direction": {
        "x": "NONE",
        "y": "NONE"
      },
      "sync": "artifacts:artifact_cooldowns"
    },
    "artifacts:helium_flamingo_charge": {
      "displacement": {
        "x": 0,
        "y": 0
      },
      "direction": {
        "x": "NONE",
        "y": "NONE"
      },
      "sync": "artifacts:helium_flamingo_charge"
    },
    "biomeswevegone:textures/misc/palepumpkinblur.png": {
      "displacement": {
        "x": 0,
        "y": 0
      },
      "direction": {
        "x": "NONE",
        "y": "NONE"
      },
      "sync": "biomeswevegone:textures/misc/palepumpkinblur.png"
    },
    "deep_aether:stratus": {
      "displacement": {
        "x": 0,
        "y": 0
      },
      "direction": {
        "x": "NONE",
        "y": "NONE"
      },
      "sync": "deep_aether:stratus"
    },
    "farmersdelight:comfort": {
      "displacement": {
        "x": 0,
        "y": 0
      },
      "direction": {
        "x": "NONE",
        "y": "NONE"
      },
      "sync": "farmersdelight:comfort"
    },
    "farmersdelight:food_offset": {
      "displacement": {
        "x": 0,
        "y": 0
      },
      "direction": {
        "x": "NONE",
        "y": "NONE"
      },
      "sync": "farmersdelight:food_offset"
    },
    "farmersdelight:health_offset": {
      "displacement": {
        "x": 0,
        "y": 0
      },
      "direction": {
        "x": "NONE",
        "y": "NONE"
      },
      "sync": "farmersdelight:health_offset"
    },
    "farmersdelight:nourishment": {
      "displacement": {
        "x": 0,
        "y": 0
      },
      "direction": {
        "x": "NONE",
        "y": "NONE"
      },
      "sync": "farmersdelight:nourishment"
    },
    "immersivearmorhud:armor_hud": {
      "displacement": {
        "x": 0,
        "y": 0
      },
      "direction": {
        "x": "NONE",
        "y": "NONE"
      },
      "sync": "immersivearmorhud:armor_hud"
    },
    "irons_spellbooks:cast_bar": {
      "displacement": {
        "x": 0,
        "y": 0
      },
      "direction": {
        "x": "NONE",
        "y": "NONE"
      },
      "sync": "irons_spellbooks:cast_bar"
    },
    "irons_spellbooks:mana_overlay": {
      "displacement": {
        "x": 0,
        "y": 0
      },
      "direction": {
        "x": "NONE",
        "y": "NONE"
      },
      "sync": "irons_spellbooks:mana_overlay"
    },
    "irons_spellbooks:recast_bar": {
      "displacement": {
        "x": 0,
        "y": 0
      },
      "direction": {
        "x": "NONE",
        "y": "NONE"
      },
      "sync": "irons_spellbooks:recast_bar"
    },
    "irons_spellbooks:screen_effects": {
      "displacement": {
        "x": 0,
        "y": 0
      },
      "direction": {
        "x": "NONE",
        "y": "NONE"
      },
      "sync": "irons_spellbooks:screen_effects"
    },
    "irons_spellbooks:screen_tooltip": {
      "displacement": {
        "x": 0,
        "y": 0
      },
      "direction": {
        "x": "NONE",
        "y": "NONE"
      },
      "sync": "irons_spellbooks:screen_tooltip"
    },
    "irons_spellbooks:spell_bar": {
      "displacement": {
        "x": 0,
        "y": 0
      },
      "direction": {
        "x": "NONE",
        "y": "NONE"
      },
      "sync": "irons_spellbooks:spell_bar"
    },
    "irons_spellbooks:spell_wheel": {
      "displacement": {
        "x": 0,
        "y": 0
      },
      "direction": {
        "x": "NONE",
        "y": "NONE"
      },
      "sync": "irons_spellbooks:spell_wheel"
    },
    "minecraft:bossbar": {
      "displacement": {
        "x": 0,
        "y": 0
      },
      "direction": {
        "x": "NONE",
        "y": "DOWN"
      },
      "sync": "minecraft:bossbar"
    },
    "minecraft:chat": {
      "displacement": {
        "x": 0,
        "y": 0
      },
      "direction": {
        "x": "NONE",
        "y": "UP"
      },
      "sync": "minecraft:chat"
    },
    "minecraft:effects": {
      "displacement": {
        "x": 0,
        "y": 0
      },
      "direction": {
        "x": "LEFT",
        "y": "DOWN"
      },
      "sync": "minecraft:effects"
    },
    "minecraft:hotbar": {
      "displacement": {
        "x": 0,
        "y": 2
      },
      "direction": {
        "x": "NONE",
        "y": "UP"
      },
      "sync": "minecraft:hotbar"
    },
    "minecraft:other": {
      "displacement": {
        "x": 0,
        "y": 0
      },
      "direction": {
        "x": "NONE",
        "y": "NONE"
      },
      "sync": "minecraft:other"
    },
    "minecraft:players": {
      "displacement": {
        "x": 0,
        "y": 0
      },
      "direction": {
        "x": "NONE",
        "y": "DOWN"
      },
      "sync": "minecraft:players"
    },
    "minecraft:sidebar": {
      "displacement": {
        "x": 0,
        "y": 0
      },
      "direction": {
        "x": "LEFT",
        "y": "NONE"
      },
      "sync": "minecraft:sidebar"
    },
    "minecraft:subtitles": {
      "displacement": {
        "x": 0,
        "y": 0
      },
      "direction": {
        "x": "LEFT",
        "y": "UP"
      },
      "sync": "minecraft:subtitles"
    },
    "minecraft:toasts": {
      "displacement": {
        "x": 0,
        "y": 0
      },
      "direction": {
        "x": "LEFT",
        "y": "DOWN"
      },
      "sync": "minecraft:toasts"
    },
    "naturescompass:natures_compass": {
      "displacement": {
        "x": 0,
        "y": 0
      },
      "direction": {
        "x": "NONE",
        "y": "NONE"
      },
      "sync": "naturescompass:natures_compass"
    },
    "overflowingbars:toughness_level": {
      "displacement": {
        "x": 0,
        "y": 0
      },
      "direction": {
        "x": "NONE",
        "y": "NONE"
      },
      "sync": "overflowingbars:toughness_level"
    },
    "patchouli:book_overlay": {
      "displacement": {
        "x": 0,
        "y": 0
      },
      "direction": {
        "x": "NONE",
        "y": "NONE"
      },
      "sync": "patchouli:book_overlay"
    },
    "patchouli:multiblock_progress": {
      "displacement": {
        "x": 0,
        "y": 0
      },
      "direction": {
        "x": "NONE",
        "y": "NONE"
      },
      "sync": "patchouli:multiblock_progress"
    },
    "refurbished_furniture:cutting_board_helper": {
      "displacement": {
        "x": 0,
        "y": 0
      },
      "direction": {
        "x": "NONE",
        "y": "NONE"
      },
      "sync": "refurbished_furniture:cutting_board_helper"
    },
    "refurbished_furniture:power_indicator": {
      "displacement": {
        "x": 0,
        "y": 0
      },
      "direction": {
        "x": "NONE",
        "y": "NONE"
      },
      "sync": "refurbished_furniture:power_indicator"
    },
    "sophisticatedstorage:paintbrush_info": {
      "displacement": {
        "x": 0,
        "y": 0
      },
      "direction": {
        "x": "NONE",
        "y": "NONE"
      },
      "sync": "sophisticatedstorage:paintbrush_info"
    },
    "sophisticatedstorage:storage_tool_info": {
      "displacement": {
        "x": 0,
        "y": 0
      },
      "direction": {
        "x": "NONE",
        "y": "NONE"
      },
      "sync": "sophisticatedstorage:storage_tool_info"
    },
    "supplementaries:cannon_charge": {
      "displacement": {
        "x": 0,
        "y": 0
      },
      "direction": {
        "x": "NONE",
        "y": "NONE"
      },
      "sync": "supplementaries:cannon_charge"
    },
    "supplementaries:selectable_container_item": {
      "displacement": {
        "x": 0,
        "y": 0
      },
      "direction": {
        "x": "NONE",
        "y": "NONE"
      },
      "sync": "supplementaries:selectable_container_item"
    },
    "supplementaries:slimed": {
      "displacement": {
        "x": 0,
        "y": 0
      },
      "direction": {
        "x": "NONE",
        "y": "NONE"
      },
      "sync": "supplementaries:slimed"
    },
    "toms_storage:configurator_info": {
      "displacement": {
        "x": 0,
        "y": 0
      },
      "direction": {
        "x": "NONE",
        "y": "NONE"
      },
      "sync": "toms_storage:configurator_info"
    },
    "twilightforest:fortification_shield_count": {
      "displacement": {
        "x": 0,
        "y": 0
      },
      "direction": {
        "x": "NONE",
        "y": "NONE"
      },
      "sync": "twilightforest:fortification_shield_count"
    },
    "twilightforest:hostile_mount_hunger_bar": {
      "displacement": {
        "x": 0,
        "y": 0
      },
      "direction": {
        "x": "NONE",
        "y": "NONE"
      },
      "sync": "twilightforest:hostile_mount_hunger_bar"
    },
    "twilightforest:ore_meter_stats": {
      "displacement": {
        "x": 0,
        "y": 0
      },
      "direction": {
        "x": "NONE",
        "y": "NONE"
      },
      "sync": "twilightforest:ore_meter_stats"
    },
    "twilightforest:portal_overlay": {
      "displacement": {
        "x": 0,
        "y": 0
      },
      "direction": {
        "x": "NONE",
        "y": "NONE"
      },
      "sync": "twilightforest:portal_overlay"
    },
    "twilightforest:quest_ram_indicator": {
      "displacement": {
        "x": 0,
        "y": 0
      },
      "direction": {
        "x": "NONE",
        "y": "NONE"
      },
      "sync": "twilightforest:quest_ram_indicator"
    },
    "xaerohud:hud": {
      "displacement": {
        "x": 0,
        "y": 0
      },
      "direction": {
        "x": "NONE",
        "y": "NONE"
      },
      "sync": "xaerohud:hud"
    },
    "xaeroworldmap:crosshair_message": {
      "displacement": {
        "x": 0,
        "y": 0
      },
      "direction": {
        "x": "NONE",
        "y": "NONE"
      },
      "sync": "xaeroworldmap:crosshair_message"
    }
  },
  "resource": {
    "texture": "AUTO"
  }
}