{
    "providers": [
        {
            "type": "bitmap",
            "file": "minecraft:presources/flag_arg.png",
            "ascent": 8.5,
            "height": 8,
            "chars": ["\uE100"]
        },
        {
            "type": "bitmap",
            "file": "minecraft:presources/flag_bol.png",
            "ascent": 8.5,
            "height": 8,
            "chars": ["\uE101"]
        },
        {
            "type": "bitmap",
            "file": "minecraft:presources/flag_br.png",
            "ascent": 8.5,
            "height": 8,
            "chars": ["\uE102"]
        },
        {
            "type": "bitmap",
            "file": "minecraft:presources/flag_ca.png",
            "ascent": 8.5,
            "height": 8,
            "chars": ["\uE103"]
        },
        {
            "type": "bitmap",
            "file": "minecraft:presources/flag_cl.png",
            "ascent": 8.5,
            "height": 8,
            "chars": ["\uE104"]
        },
        {
            "type": "bitmap",
            "file": "minecraft:presources/flag_col.png",
            "ascent": 8.5,
            "height": 8,
            "chars": ["\uE105"]
        },
        {
            "type": "bitmap",
            "file": "minecraft:presources/flag_cr.png",
            "ascent": 8.5,
            "height": 8,
            "chars": ["\uE106"]
        },
        {
            "type": "bitmap",
            "file": "minecraft:presources/flag_ecu.png",
            "ascent": 8.5,
            "height": 8,
            "chars": ["\uE107"]
        },
        {
            "type": "bitmap",
            "file": "minecraft:presources/flag_gay.png",
            "ascent": 8.5,
            "height": 8,
            "chars": ["\uE008"]
        },
        {
            "type": "bitmap",
            "file": "minecraft:presources/flag_gt.png",
            "ascent": 8.5,
            "height": 8,
            "chars": ["\uE009"]
        },
        {
            "type": "bitmap",
            "file": "minecraft:presources/flag_lesbian.png",
            "ascent": 8.5,
            "height": 8,
            "chars": ["\uE010"]
        },
        {
            "type": "bitmap",
            "file": "minecraft:presources/flag_mx.png",
            "ascent": 8.5,
            "height": 8,
            "chars": ["\uE011"]
        },
        {
            "type": "bitmap",
            "file": "minecraft:presources/flag_pansexual.png",
            "ascent": 8.5,
            "height": 8,
            "chars": ["\uE012"]
        },
        {
            "type": "bitmap",
            "file": "minecraft:presources/flag_per.png",
            "ascent": 8.5,
            "height": 8,
            "chars": ["\uE013"]
        },
        {
            "type": "bitmap",
            "file": "minecraft:presources/flag_trans.png",
            "ascent": 8.5,
            "height": 8,
            "chars": ["\uE014"]
        },
        {
            "type": "bitmap",
            "file": "minecraft:presources/flag_uk.png",
            "ascent": 8.5,
            "height": 8,
            "chars": ["\uE015"]
        },
        {
            "type": "bitmap",
            "file": "minecraft:presources/flag_us.png",
            "ascent": 8.5,
            "height": 8,
            "chars": ["\uE016"]
        },
        {
            "type": "bitmap",
            "file": "minecraft:presources/flag_ve.png",
            "ascent": 8.5,
            "height": 8,
            "chars": ["\uE017"]
        },
        {
            "type": "bitmap",
            "file": "minecraft:presources/overlay_screen.png",
            "ascent": 100,
            "height": 256,
            "chars": ["\uE018"]
        },
        {
            "type": "bitmap",
            "file": "minecraft:presources/pr_logo.png",
            "ascent": 48,
            "height": 64,
            "chars": ["\uE019"]
        },
        {
            "type": "bitmap",
            "file": "minecraft:presources/badge_developer.png",
            "ascent": 9,
            "height": 10,
            "chars": ["\uE020"]
        },
        {
            "type": "bitmap",
            "file": "minecraft:presources/badge_artist.png",
            "ascent": 9,
            "height": 10,
            "chars": ["\uE021"]
        },
        {
            "type": "bitmap",
            "file": "minecraft:presources/badge_bookmark.png",
            "ascent": 9,
            "height": 10,
            "chars": ["\uE022"]
        },
        {
            "type": "bitmap",
            "file": "minecraft:presources/badge_supporter.png",
            "ascent": 9,
            "height": 10,
            "chars": ["\uE023"]
        },
        {
            "type": "bitmap",
            "file": "minecraft:presources/badge_booster.png",
            "ascent": 9,
            "height": 10,
            "chars": ["\uE024"]
        },
        {
            "type": "bitmap",
            "file": "minecraft:presources/badge_diamond.png",
            "ascent": 9,
            "height": 10,
            "chars": ["\uE025"]
        },
        {
            "type": "bitmap",
            "file": "minecraft:presources/badge_server.png",
            "ascent": 9,
            "height": 10,
            "chars": ["\uE026"]
        },
        {
            "type": "bitmap",
            "file": "minecraft:presources/badge_vip.png",
            "ascent": 9,
            "height": 10,
            "chars": ["\uE027"]
        },
        {
            "type": "bitmap",
            "file": "minecraft:presources/badge_loreknower.png",
            "ascent": 9,
            "height": 10,
            "chars": ["\uE028"]
        },
        {
            "type": "bitmap",
            "file": "minecraft:presources/badge_loremaster.png",
            "ascent": 9,
            "height": 10,
            "chars": ["\uE029"]
        },
        {
            "type": "bitmap",
            "file": "minecraft:presources/badge_tester.png",
            "ascent": 9,
            "height": 10,
            "chars": ["\uE030"]
        },
        {
            "type": "bitmap",
            "file": "minecraft:presources/booster_epic.png",
            "ascent": 13,
            "height": 16.5,
            "chars": ["\uE031"]
        },
        {
            "type": "bitmap",
            "file": "minecraft:presources/booster_legendary.png",
            "ascent": 13,
            "height": 16.5,
            "chars": ["\uE032"]
        },
        {
            "type": "bitmap",
            "file": "minecraft:presources/booster_mythic.png",
            "ascent": 13,
            "height": 16.5,
            "chars": ["\uE033"]
        },
        {
            "type": "bitmap",
            "file": "minecraft:presources/badge_developer_featured.png",
            "ascent": 10,
            "height": 11,
            "chars": ["\uE034"]
        },
        {
            "type": "bitmap",
            "file": "minecraft:presources/dev_mythic.png",
            "ascent": 14,
            "height": 18,
            "chars": ["\uE035"]
        },
        {
            "type": "bitmap",
            "file": "minecraft:presources/winged_blue.png",
            "ascent": 10,
            "height": 13,
            "chars": ["\uE040"]
        },
        {
            "type": "bitmap",
            "file": "minecraft:presources/winged_gold.png",
            "ascent": 10,
            "height": 13,
            "chars": ["\uE041"]
        },
        {
            "type": "bitmap",
            "file": "minecraft:presources/winged_green.png",
            "ascent": 10,
            "height": 13,
            "chars": ["\uE042"]
        },
        {
            "type": "bitmap",
            "file": "minecraft:presources/winged_purple.png",
            "ascent": 10,
            "height": 13,
            "chars": ["\uE043"]
        },
        {
            "type": "bitmap",
            "file": "minecraft:presources/player_joined.png",
            "ascent": 9,
            "height": 11.5,
            "chars": ["\uE044"]
        },
        {
            "type": "bitmap",
            "file": "minecraft:presources/player_left.png",
            "ascent": 9,
            "height": 11.5,
            "chars": ["\uE045"]
        },
        {
            "type": "bitmap",
            "file": "minecraft:presources/pr_small.png",
            "ascent": 12,
            "height": 32,
            "chars": ["\uE046"]
        },
        {
            "type": "bitmap",
            "file": "minecraft:presources/pr2_short.png",
            "ascent": 12,
            "height": 32,
            "chars": ["\uE047"]
        },
        {
            "type": "bitmap",
            "file": "minecraft:presources/badge_dev_mythic.png",
            "ascent": 13,
            "height": 16.5,
            "chars": ["\uE048"]
        },
        {
            "type": "bitmap",
            "file": "minecraft:presources/badge_dev_round.png",
            "ascent": 9,
            "height": 10,
            "chars": ["\uE049"]
        },
        {
            "type": "bitmap",
            "file": "minecraft:presources/badge_mod.png",
            "ascent": 9,
            "height": 10,
            "chars": ["\uE050"]
        },
        {
            "type": "bitmap",
            "file": "minecraft:presources/badge_veteran.png",
            "ascent": 9,
            "height": 10,
            "chars": ["\uE051"]
        },
        {
            "type": "bitmap",
            "file": "minecraft:presources/badge_plus.png",
            "ascent": 9,
            "height": 10,
            "chars": ["\uE052"]
        },
        {
            "type": "bitmap",
            "file": "minecraft:presources/badge_dev_legendary.png",
            "ascent": 13,
            "height": 16.5,
            "chars": ["\uE053"]
        },
        {
            "type": "bitmap",
            "file": "minecraft:presources/badge_dev_feature.png",
            "ascent": 9.5,
            "height": 11,
            "chars": ["\uE054"]
        }
    ]
}