{
  "deltarune.damage": { "category": "master", "sounds": [ "customd/snd_damage_ch1" ] },
  "deltarune.heavyswing": { "category": "master", "sounds": [ "customd/snd_heavyswing_ch1" ] },
  "deltarune.hitch1": { "category": "master", "sounds": [ "customd/snd_hit_ch1" ] },
  "deltarune.drcrit": { "category": "master", "sounds": [ "customd/criticalhit" ] },
  "deltarune.healmagic": { "category": "master", "sounds": [ "customd/heal" ] },
  "deltarune.hurt": { "category": "master", "sounds": [ "customd/snd_hurt1_ch1" ] },
  "deltarune.redbuster": { "category": "master", "sounds": [ "customd/redbuster" ] },
  "deltarune.rudebuster": { "category": "master", "sounds": [ "customd/rudebuster" ] },
  "deltarune.weaponpull_fast": { "category": "master", "sounds": [ "customd/snd_weaponpull_fast" ] },
  "deltarune.ultraswing_bc": { "category": "master", "sounds": [ "customd/snd_ultraswing_bc" ] },
  "deltarune.spellcast": { "category": "master", "sounds": [ "customd/snd_spellcast" ] },
  "deltarune.scytheburst": { "category": "master", "sounds": [ "customd/snd_scytheburst" ] },
  "deltarune.scytheburst_bc": { "category": "master", "sounds": [ "customd/snd_scytheburst_bc" ] },
  "deltarune.rudebuster_hit": { "category": "master", "sounds": [ "customd/snd_rudebuster_hit" ] },
  "deltarune.punchheavythunder": { "category": "master", "sounds": [ "customd/snd_punchheavythunder" ] },
  "deltarune.pirouette": { "category": "master", "sounds": [ "customd/snd_pirouette" ] },
  "deltarune.heavyswing_bc": { "category": "master", "sounds": [ "customd/snd_heavyswing_bc" ] },
  "deltarune.ultraswing": { "category": "master", "sounds": [ "customd/snd_ultraswing" ] },
  "deltarune.swing": { "category": "master", "sounds": [ "customd/snd_swing" ] },
  "deltarune.rudebuster_swing": { "category": "master", "sounds": [ "customd/snd_rudebuster_swing" ] },
  "deltarune.punchheavythunder_bc": { "category": "master", "sounds": [ "customd/snd_punchheavythunder_bc" ] },
  "deltarune.item": { "category": "master", "sounds": [ "customd/snd_item" ] },
  "deltarune.hurt1_bc": { "category": "master", "sounds": [ "customd/snd_hurt1_bc" ] },
  "deltarune.damage_bc": { "category": "master", "sounds": [ "customd/snd_damage_bc" ] },
  "deltarune.criticalswing_bc": { "category": "master", "sounds": [ "customd/snd_criticalswing_bc" ] },
  "deltarune.pacify": { "category": "master", "sounds": [ "customd/pacify" ] },
  "deltarune.iceshock": { "category": "master", "sounds": [ "customd/iceshock" ] },
  "deltarune.petrify": { "category": "master", "sounds": [ "customd/petrify" ] },
  "deltarune.hypnosis": { "category": "master", "sounds": [ "customd/hypnosis" ] },
  "deltarune.deal_song": { "category": "master", "sounds": [ "customd/dealgonewrong" ] }
}